{
    "H": [
      {
        "angular_momentum": [0],
        "exponents": ["3.42525091", "0.62391373", "0.16885540"],
        "coefficients": [["0.15432897", "0.53532814", "0.44463454"]]
      }
    ],
    "O": [
      {
        "angular_momentum": [0],
        "exponents": ["130.70932", "23.808861", "6.4436083"],
        "coefficients": [["0.15432897", "0.53532814", "0.44463454"]]
      },
      {
        "angular_momentum": [1],
        "exponents": ["5.0331513", "1.1695961", "0.3803890"],
        "coefficients": [["0.15591627", "0.60768372", "0.39195739"]]
      }
    ]
}
  